data_id,iso,event_id_cnty,event_id_no_cnty,event_date,year,time_precision,event_type,sub_event_type,actor1,assoc_actor_1,inter1,actor2,assoc_actor_2,inter2,interaction,region,country,admin1,admin2,admin3,location,latitude,longitude,geo_precision,source,source_scale,notes,fatalities,timestamp,iso3,event_code,subevent_code
4975113,566,NIG1996,1996,29 December 2007,2007,exact date,Battles,Armed clash,Unidentified Armed Group (Nigeria),,political militias,Police Forces of Nigeria (1999-2015),,state forces,military vs political militia,Western Africa,Nigeria,Oyo,Ibadan North West,,Ibadan,7.3878002,3.8964,high,Agence France Presse,International,Nine are killed during a shootout between robbers and police in Ibadan.,9,1552577634,NGA,Battles,Armed clash
5021537,566,NIG1997,1997,29 December 2007,2007,within week,Battles,Armed clash,PDP: Peoples Democratic Party,Police Forces of Nigeria (1999-2015),political militias,ANPP: All Nigeria Peoples Party,,political militias,political militia vs political militia,Western Africa,Nigeria,Benue,Makurdi,,Makurdi,7.7410998,8.5121002,low,All Africa,Regional,ANPP and PDP clash at an unknown location in Benue.,0,1553544834,NGA,Battles,Armed clash
4975162,566,NIG1995,1995,27 December 2007,2007,exact date,Violence against civilians,Attack,Unidentified Armed Group (Nigeria),,political militias,Civilians (Nigeria),Civilians (International),civilians,political militia vs civilians,Western Africa,Nigeria,Rivers,Port-Harcourt,,Port Harcourt,4.7774,7.0134001,high,Reuters News,International,Suspected militants attack two police stations and a luxury hotel leaving 18 dead.,18,1552577634,NGA,Violence against civilians,Attack
4975182,566,NIG1994,1994,26 December 2007,2007,exact date,Violence against civilians,Attack,Unidentified Armed Group (Nigeria),,political militias,Civilians (International),,civilians,political militia vs civilians,Western Africa,Nigeria,Lagos,Lagos Island,,Lagos,6.4531002,3.3958001,medium,Agence France Presse,International,Unidentified gunmen attack the car of the Iberia Director,0,1552577634,NGA,Violence against civilians,Attack
4975198,566,NIG1993,1993,25 December 2007,2007,exact date,Battles,Armed clash,Shuwa Ethnic Militia (Nigeria),Pastoralists (Nigeria),identity militias,Kanuri Ethnic Militia (Nigeria),Farmers (Nigeria),identity militias,communal militia vs communal militia,Western Africa,Nigeria,Borno,Guzamala,,Bulabulin,12.6611,13.2795,high,UN IRIN,Other,At least three people have been killed and nine seriously injured in a clash between farmers and nomads over grazing land in Borno state. Violence erupted on 24 December in Bulabulin Ngaburawa village when herdsmen from the Shuwa tribe reportedly led their herd onto lands belonging to farmers from the Kanuri tribe.,3,1552577634,NGA,Battles,Armed clash
4975208,566,NIG1992,1992,24 December 2007,2007,exact date,Violence against civilians,Attack,Unidentified Armed Group (Nigeria),,political militias,Civilians (Nigeria),,civilians,political militia vs civilians,Western Africa,Nigeria,Edo,Oredo,,Benin City,6.3351002,5.6275001,high,Vanguard (Nigeria),National,Unidentified assassins kill University Professor,1,1552577634,NGA,Violence against civilians,Attack
4975213,566,NIG1990,1990,23 December 2007,2007,exact date,Explosions/Remote violence,Remote explosive/landmine/IED,Unidentified Armed Group (Nigeria),,political militias,Civilians (Nigeria),,civilians,political militia vs civilians,Western Africa,Nigeria,Lagos,Lagos Island,,Lagos,6.4531002,3.3958001,medium,Agence France Presse,International,Following vandalism 40 civilians are killed in an oil pipeline explosion.,40,1552577634,NGA,Explosions/Remote violence,Remote explosive/landmine/IED
5183377,566,NIG1991,1991,23 December 2007,2007,within week,Riots,Mob violence,Rioters (Nigeria),,rioters,Police Forces of Nigeria (1999-2015),,state forces,military vs rioters,Western Africa,Nigeria,Borno,Gwoza,,Gwoza,11.084,13.6925,high,Daily Trust,National,Two people have been left dead after a bloody clash between over 250 youths and the police in Gwoza local government area of Borno State.,2,1558387849,NGA,Riots,Mob violence
4975265,566,NIG1989,1989,15 December 2007,2007,within month,Riots,Violent demonstration,Rioters (Nigeria),Students (Nigeria),rioters,,,0,sole rioter action,Western Africa,Nigeria,Borno,Maiduguri,,Maiduguri,11.8464,13.1603,high,Daily Trust,National,"The University of Maiduguri was closed down midway into second semester exams, following rampaging protests by students over alleged ""blasphemy"". The protest followed allegation that a student had used pages of Quran to clean himself up after excretion.",0,1552577634,NGA,Riots,Violent demonstration
4975307,566,NIG1988,1988,11 December 2007,2007,exact date,Violence against civilians,Attack,Unidentified Armed Group (Nigeria),,political militias,Civilians (Nigeria),,civilians,political militia vs civilians,Western Africa,Nigeria,Lagos,Lagos Island,,Lagos,6.4531002,3.3958001,medium,Xinhua News,International,Five were killed along the Lagos-Abeokuta Expressway with stray gunfire.,5,1552577634,NGA,Violence against civilians,Attack
4975316,566,NIG1987,1987,11 December 2007,2007,exact date,Strategic developments,Looting/property destruction,MEND: Movement for the Emancipation of the Niger Delta,,rebel groups,,,0,sole rebels action,Western Africa,Nigeria,Bayelsa,Sagbama,,Niger Delta,4.8333001,6,medium,Dow Jones International News,International,Property destruction: Members of MEND destroy a Royal Dutch Shell oil pipeline in southern Nigeria.,0,1552577634,NGA,Strategic developments,Looting/property destruction
4975333,566,NIG1986,1986,10 December 2007,2007,exact date,Violence against civilians,Abduction/forced disappearance,MEND: Movement for the Emancipation of the Niger Delta,,rebel groups,Civilians (International),,civilians,rebels vs civilians,Western Africa,Nigeria,Bayelsa,Sagbama,,Niger Delta,4.8333001,6,medium,Voice of America Press Releases and Documents,International,Seven hostages taken from Shell oil facility,0,1552577634,NGA,Violence against civilians,Abduction/forced disappearance
4975346,566,NIG1985,1985,08 December 2007,2007,exact date,Violence against civilians,Attack,Unidentified Armed Group (Nigeria),,political militias,Civilians (International),,civilians,political militia vs civilians,Western Africa,Nigeria,Federal Capital Territory,Abuja Municipal,,Abuja,9.0832996,7.5332999,high,All Africa,Regional,UAE businessman killed at home for unknown reasons.,1,1552577634,NGA,Violence against civilians,Attack
4975371,566,NIG1984,1984,06 December 2007,2007,exact date,Violence against civilians,Attack,Unidentified Armed Group (Nigeria),,political militias,Civilians (Nigeria),Labour Group (Nigeria),civilians,political militia vs civilians,Western Africa,Nigeria,Bayelsa,Yenegoa,,Yenagoa,4.9246998,6.2642002,low,Reuters News,International,Unidentified militants attack an Italian run oil facility,0,1552577634,NGA,Violence against civilians,Attack
4975404,566,NIG1983,1983,03 December 2007,2007,exact date,Battles,Armed clash,Unidentified Armed Group (Nigeria),,political militias,Police Forces of Nigeria (1999-2015),,state forces,military vs political militia,Western Africa,Nigeria,Rivers,Okrika,,Okrika,4.7416,7.0848999,medium,All Africa,Regional,Policemen escorting a Nigerian Liquefied Natural Gas boat en route to Bonny Island from Port Harcourt was attacked and the escorts were shot.,0,1552577634,NGA,Battles,Armed clash
4975481,566,NIG1982,1982,27 November 2007,2007,exact date,Violence against civilians,Attack,Unidentified Armed Group (Nigeria),,political militias,Civilians (Nigeria),,civilians,political militia vs civilians,Western Africa,Nigeria,Rivers,Bonny,,Bonny,4.4521999,7.1680999,medium,Reuters News,International,Pirates in the Bonny River attack an ExxonMobil vessel killing one crew member.,1,1552577634,NGA,Violence against civilians,Attack
4975541,566,NIG1981,1981,18 November 2007,2007,exact date,Battles,Armed clash,Unidentified Armed Group (Nigeria),,political militias,Military Forces of Nigeria (1999-2015),,state forces,military vs political militia,Western Africa,Nigeria,Rivers,Bonny,,Bonny,4.4521999,7.1680999,high,Platts Commodity News,Other,Gunmen attack a Nigeria Liquefied Natural Gas Plant,0,1552577635,NGA,Battles,Armed clash
4975570,566,NIG1980,1980,16 November 2007,2007,exact date,Battles,Armed clash,Unidentified Armed Group (Nigeria),,political militias,Military Forces of Nigeria (1999-2015),,state forces,military vs political militia,Western Africa,Nigeria,Bayelsa,Sagbama,,Niger Delta,4.8333001,6,medium,Dow Jones International News,International,Gunmen in the Niger Delta kill three police guarding an oil station.,3,1552577635,NGA,Battles,Armed clash
4975577,566,NIG1979,1979,15 November 2007,2007,exact date,Battles,Armed clash,Unidentified Armed Group (Nigeria),,political militias,Unidentified Armed Group (Nigeria),,political militias,political militia vs political militia,Western Africa,Nigeria,Kano,Kano Municipal,,Kano,11.9702,8.5044003,low,Associated Press Newswires,International,Supporters of Rival political parties clash after supporters of the candidate Muhammadu Buharis returns are contested.,0,1552577635,NGA,Battles,Armed clash
4975624,566,NIG1978,1978,10 November 2007,2007,within week,Violence against civilians,Abduction/forced disappearance,Unidentified Armed Group (Nigeria),,political militias,Civilians (Nigeria),,civilians,political militia vs civilians,Western Africa,Nigeria,Bayelsa,Sagbama,,Niger Delta,4.8333001,6,medium,All Africa,Regional,Kidnappers abduct yet another mother of Nigerian Lawmaker.,0,1552577635,NGA,Violence against civilians,Abduction/forced disappearance
4975613,566,NIG1977,1977,10 November 2007,2007,within week,Battles,Armed clash,Unidentified Armed Group (Nigeria),,political militias,Military Forces of Nigeria (1999-2015) Joint Task Force,,state forces,military vs political militia,Western Africa,Nigeria,Rivers,Port-Harcourt,,Port Harcourt,4.7774,7.0134001,high,Xinhua News,International,JTF rescues an August kidnapped Briton in Port Harcourt.,0,1552577635,NGA,Battles,Armed clash
4975633,566,NIG1976,1976,08 November 2007,2007,exact date,Battles,Armed clash,MEND: Movement for the Emancipation of the Niger Delta,Unidentified Armed Group (Nigeria),rebel groups,Military Forces of Nigeria (1999-2015),,state forces,military vs rebels,Western Africa,Nigeria,Rivers,Port-Harcourt,,Port Harcourt,4.7774,7.0134001,high,Reuters News,International,Military battles gangs in Port Harcourt,0,1552577635,NGA,Battles,Armed clash
4975675,566,NIG1973,1973,04 November 2007,2007,exact date,Battles,Armed clash,Unidentified Armed Group (Nigeria),,political militias,Unidentified Armed Group (Nigeria),,political militias,political militia vs political militia,Western Africa,Nigeria,Bayelsa,Sagbama,,Niger Delta,4.8333001,6,medium,Reuters News,International,Shootout between two rival gangs kills 5,5,1552577635,NGA,Battles,Armed clash
4975676,566,NIG1974,1974,04 November 2007,2007,exact date,Battles,Armed clash,Unidentified Armed Group (Nigeria),,political militias,Military Forces of Nigeria (1999-2015),,state forces,military vs political militia,Western Africa,Nigeria,Bayelsa,Sagbama,,Niger Delta,4.8333001,6,medium,Vanguard (Nigeria),National,Nigerian Navy engages militant craft in Cow Vorn Channel,0,1552577635,NGA,Battles,Armed clash
4975669,566,NIG1975,1975,04 November 2007,2007,exact date,Battles,Armed clash,Unidentified Armed Group (Nigeria),,political militias,Police Forces of Nigeria (1999-2015),,state forces,military vs political militia,Western Africa,Nigeria,Rivers,Port-Harcourt,,Port Harcourt,4.7774,7.0134001,low,Vanguard (Nigeria),National,An unidentified group attacks police in Rivers State.,0,1552577635,NGA,Battles,Armed clash
4975745,566,NIG1970,1970,26 October 2007,2007,exact date,Violence against civilians,Abduction/forced disappearance,MEND: Movement for the Emancipation of the Niger Delta,,rebel groups,Civilians (International),,civilians,rebels vs civilians,Western Africa,Nigeria,Bayelsa,Sagbama,,Niger Delta,4.8333001,6,medium,Reuters News,International,MEND kidnaps seven oil workers of the Delta coast.,0,1552577635,NGA,Violence against civilians,Abduction/forced disappearance
4975779,566,NIG1968,1968,22 October 2007,2007,exact date,Violence against civilians,Attack,Unidentified Armed Group (Nigeria),,political militias,Civilians (International),,civilians,political militia vs civilians,Western Africa,Nigeria,Bayelsa,Sagbama,,Niger Delta,4.8333001,6,medium,Voice of America Press Releases and Documents,International,Unknown militants,0,1552577635,NGA,Violence against civilians,Attack
4975793,566,NIG1967,1967,21 October 2007,2007,exact date,Violence against civilians,Abduction/forced disappearance,Unidentified Armed Group (Nigeria),,political militias,Civilians (Nigeria),,civilians,political militia vs civilians,Western Africa,Nigeria,Ekiti,Ikere,,Ikere,7.4913001,5.2322998,high,Reuters News,International,Suspected fetish killers kidnap little boy.,0,1552577635,NGA,Violence against civilians,Abduction/forced disappearance
4975801,566,NIG1966,1966,20 October 2007,2007,exact date,Violence against civilians,Attack,Shiite Muslim Militia (Nigeria),,identity militias,Civilians (Nigeria),,civilians,communal militia vs civilians,Western Africa,Nigeria,Sokoto,Sokoto North,,Sokoto,13.048,5.2143002,high,All Africa,Regional,In the City of Sokoto,0,1552577635,NGA,Violence against civilians,Attack
4975804,566,NIG1965,1965,20 October 2007,2007,exact date,Riots,Mob violence,Rioters (Nigeria),Vigilante Group (Nigeria),rioters,Civilians (Nigeria),,civilians,rioters vs civilians,Western Africa,Nigeria,Lagos,Lagos Island,,Lagos,6.4531002,3.3958001,high,Reuters News,International,A mob kill two suspected fetish killers.,2,1552577635,NGA,Riots,Mob violence
4975806,566,NIG1964,1964,19 October 2007,2007,exact date,Battles,Armed clash,MEND: Movement for the Emancipation of the Niger Delta,,rebel groups,Military Forces of Nigeria (1999-2015),,state forces,military vs rebels,Western Africa,Nigeria,Bayelsa,Sagbama,,Niger Delta,4.8333001,6,medium,Dow Jones International News,International,MEND attackers kill a Naval Officer and injure six enlisted personnel on a gunboat as they attempt to protect an oil facility. MEND looses seven in the fight.,1,1552577635,NGA,Battles,Armed clash
4975856,566,NIG1963,1963,16 October 2007,2007,exact date,Violence against civilians,Abduction/forced disappearance,MEND: Movement for the Emancipation of the Niger Delta,,rebel groups,Civilians (International),,civilians,rebels vs civilians,Western Africa,Nigeria,Bayelsa,Sagbama,,Niger Delta,4.8333001,6,medium,Dow Jones International News,International,MEND claims they have taken three hostages in the Delta Region. This comes as a reaction to the inauguration of Umaru YarAdua,0,1552577635,NGA,Violence against civilians,Abduction/forced disappearance
4975952,566,NIG1962,1962,07 October 2007,2007,exact date,Violence against civilians,Abduction/forced disappearance,Ijaw Ethnic Militia (Nigeria),,identity militias,Civilians (Nigeria),,civilians,communal militia vs civilians,Western Africa,Nigeria,Delta,Udu,,Ogbe-Udu,5.4282999,5.8297,high,Vanguard (Nigeria),National,Kidnapping of Nigerian employee of NBTC; ask for ransom.,0,1552577635,NGA,Violence against civilians,Abduction/forced disappearance
4975964,566,NIG1960,1960,05 October 2007,2007,exact date,Violence against civilians,Attack,Unidentified Armed Group (Nigeria),,political militias,Civilians (Nigeria),,civilians,political militia vs civilians,Western Africa,Nigeria,Bayelsa,Sagbama,,Niger Delta,4.8333001,6,medium,Seattle Post-Intelligencer,International,Attackers destroy vice-presidents home,0,1552577635,NGA,Violence against civilians,Attack
4975972,566,NIG1961,1961,05 October 2007,2007,exact date,Violence against civilians,Abduction/forced disappearance,Unidentified Armed Group (Nigeria),,political militias,Civilians (International),,civilians,political militia vs civilians,Western Africa,Nigeria,Rivers,Port-Harcourt,,Port Harcourt,4.7774,7.0134001,high,All Africa,Regional,Agip worker abducted.,0,1552577635,NGA,Violence against civilians,Abduction/forced disappearance
4975977,566,NIG1959,1959,04 October 2007,2007,exact date,Battles,Armed clash,Unidentified Armed Group (Nigeria),,political militias,Unidentified Armed Group (Nigeria),,political militias,political militia vs political militia,Western Africa,Nigeria,Oyo,Ibadan North West,,Ibadan,7.3878002,3.8964,high,Agence France Presse,International,Political clash between two rival parties,0,1552577635,NGA,Battles,Armed clash
4976015,566,NIG1958,1958,01 October 2007,2007,exact date,Violence against civilians,Abduction/forced disappearance,Unidentified Armed Group (Nigeria),,political militias,Civilians (Nigeria),,civilians,political militia vs civilians,Western Africa,Nigeria,Bayelsa,Sagbama,,Niger Delta,4.8333001,6,medium,AFX Asia,International,Unknown Militants kidnap 9 South Korean Oil Workers of the Daewoo Corp.,0,1552577635,NGA,Violence against civilians,Abduction/forced disappearance
4976055,566,NIG1957,1957,28 September 2007,2007,exact date,Violence against civilians,Attack,Muslim Militia (Nigeria),,identity militias,Civilians (Nigeria),Christian Group (Nigeria),civilians,communal militia vs civilians,Western Africa,Nigeria,Kano,Kano Municipal,,Kano,11.9702,8.5044003,low,All Africa,Regional,A unknown group of Muslims kill a Christian.,1,1552577635,NGA,Violence against civilians,Attack
4976056,566,NIG1956,1956,28 September 2007,2007,exact date,Violence against civilians,Attack,Unidentified Armed Group (Nigeria),,political militias,Civilians (Nigeria),,civilians,political militia vs civilians,Western Africa,Nigeria,Bayelsa,Yenegoa,,Yenagoa,4.9246998,6.2642002,high,All Africa,Regional,Person on motorcycle runs into a crowd of protesting teachers.,0,1552577635,NGA,Violence against civilians,Attack
4976075,566,NIG1955,1955,27 September 2007,2007,exact date,Protests,Protest with intervention,Protesters (Nigeria),,protesters,Military Forces of Nigeria (1999-2015) Joint Task Force,,state forces,military vs protesters,Western Africa,Nigeria,Rivers,Ahoada East,,Ahoada,5.0739999,6.6535001,high,All Africa,Regional,A group of youths,0,1552577635,NGA,Protests,Protest with intervention
4976074,566,NIG1954,1954,27 September 2007,2007,exact date,Battles,Armed clash,NURTW: National Union of Road Transport Workers,,political militias,RTEAN: Road Transport Employers Association of Nigeria,,political militias,political militia vs political militia,Western Africa,Nigeria,Ekiti,Ado Ekiti,,Ado-Ekiti,7.6209998,5.2214999,high,All Africa,Regional,Three feared dead as National Union of Road Transport Workers and Road Transport Employers Association of Nigeria clash. Both organizations are Labor Unions.,3,1552577635,NGA,Battles,Armed clash
4976087,566,NIG1953,1953,26 September 2007,2007,exact date,Violence against civilians,Attack,MEND: Movement for the Emancipation of the Niger Delta,,rebel groups,Civilians (Nigeria),,civilians,rebels vs civilians,Western Africa,Nigeria,Rivers,Port-Harcourt,,Port Harcourt,4.7774,7.0134001,high,All Africa,Regional,MEND kills one,1,1552577635,NGA,Violence against civilians,Attack
4976183,566,NIG1952,1952,16 September 2007,2007,exact date,Violence against civilians,Attack,Unidentified Armed Group (Nigeria),,political militias,Civilians (Nigeria),,civilians,political militia vs civilians,Western Africa,Nigeria,Oyo,Ibadan North West,,Ibadan,7.3878002,3.8964,high,All Africa,Regional,An unknown person or persons invaded the home of lawmaker,0,1552577635,NGA,Violence against civilians,Attack
4976197,566,NIG1951,1951,15 September 2007,2007,exact date,Battles,Armed clash,Unidentified Armed Group (Nigeria),,political militias,Military Forces of Nigeria (1999-2015) Joint Task Force,,state forces,military vs political militia,Western Africa,Nigeria,Bayelsa,Sagbama,,Niger Delta,4.8333001,6,medium,All Africa,Regional,The Nigerian Joint Military Task Force has taken 11 suspected militants prisoner as well as 4 suspected pirates in the Niger Delta Region.,0,1552577635,NGA,Battles,Armed clash
4976203,566,NIG1950,1950,14 September 2007,2007,exact date,Violence against civilians,Attack,Unidentified Armed Group (Nigeria),,political militias,Civilians (Nigeria),,civilians,political militia vs civilians,Western Africa,Nigeria,Oyo,Ibadan North West,,Ibadan,7.3878002,3.8964,low,All Africa,Regional,A member of the Nigerian House of Representatives was killed by unknown persons,1,1552577635,NGA,Violence against civilians,Attack
4976242,566,NIG1949,1949,10 September 2007,2007,exact date,Violence against civilians,Attack,Unidentified Armed Group (Nigeria),,political militias,Civilians (Nigeria),,civilians,political militia vs civilians,Western Africa,Nigeria,Edo,Oredo,,Benin City,6.3351002,5.6275001,high,All Africa,Regional,Militants kill the mother of Sunny Ofehe.,1,1552577635,NGA,Violence against civilians,Attack
4976275,566,NIG1948,1948,07 September 2007,2007,exact date,Violence against civilians,Abduction/forced disappearance,Unidentified Armed Group (Nigeria),,political militias,Civilians (Nigeria),,civilians,political militia vs civilians,Western Africa,Nigeria,Delta,Udu,,Ogbe-Udu,5.4282999,5.8297,high,Vanguard (Nigeria),National,Kidnappers abduct man.,0,1552577635,NGA,Violence against civilians,Abduction/forced disappearance
4976328,566,NIG1947,1947,02 September 2007,2007,exact date,Violence against civilians,Abduction/forced disappearance,Unidentified Armed Group (Nigeria),,political militias,Civilians (International),,civilians,political militia vs civilians,Western Africa,Nigeria,Bayelsa,Sagbama,,Niger Delta,4.8333001,6,medium,Xinhua News,International,Militants abduct foreigner of unknown origin.,0,1552577635,NGA,Violence against civilians,Abduction/forced disappearance
4976321,566,NIG1946,1946,02 September 2007,2007,exact date,Battles,Armed clash,Unidentified Armed Group (Nigeria),,political militias,Military Forces of Nigeria (1999-2015),,state forces,military vs political militia,Western Africa,Nigeria,Bayelsa,Sagbama,,Niger Delta,4.8333001,6,medium,Xinhua News,International,Militants kill two Naval members in abduction raid.,2,1552577635,NGA,Battles,Armed clash
4976334,566,NIG1944,1944,01 September 2007,2007,exact date,Battles,Armed clash,Gberesaakoo Boys Militia,,political militias,Military Forces of Nigeria (1999-2015),,state forces,military vs political militia,Western Africa,Nigeria,Bayelsa,Sagbama,,Niger Delta,4.8333001,6,medium,Reuters News,International,Delta Militia known as the Gberesaakoo Boys involve themselves in pre-election violence.,0,1552577635,NGA,Battles,Armed clash
4976342,566,NIG1943,1943,01 September 2007,2007,exact date,Violence against civilians,Abduction/forced disappearance,URGENT Militants,,political militias,Civilians (International),,civilians,political militia vs civilians,Western Africa,Nigeria,Bayelsa,Yenegoa,,Yenagoa,4.9246998,6.2642002,low,Agence France Presse,International,URGENT Militants kidnap 9 South Korean Oil Workers,0,1552577636,NGA,Violence against civilians,Abduction/forced disappearance
4976343,566,NIG1945,1945,01 September 2007,2007,exact date,Violence against civilians,Attack,Gberesaakoo Boys Militia,,political militias,Civilians (Nigeria),,civilians,political militia vs civilians,Western Africa,Nigeria,Bayelsa,Sagbama,,Niger Delta,4.8333001,6,medium,Reuters News,International,Delta Militia known as the Gberesaakoo Boys involve themselves in pre-election violence.,0,1552577636,NGA,Violence against civilians,Attack
5183378,566,NIG1942,1942,21 August 2007,2007,exact date,Battles,Armed clash,Unidentified Armed Group (Nigeria),,political militias,Unidentified Communal Militia (Nigeria),Vigilante Group (Nigeria),identity militias,political militia vs communal militia,Western Africa,Nigeria,Borno,Damboa,,Damboa,11.156,12.7576,high,Xinhua,International,"Five persons have been confirmed dead and several others injured when 500 members of vigilance groups from Damboa of Nigerias northeastern Borno State, clashed with suspected bandits",5,1558387849,NGA,Battles,Armed clash
4976476,566,NIG1941,1941,17 August 2007,2007,within week,Battles,Armed clash,Unidentified Armed Group (Nigeria),,political militias,Military Forces of Nigeria (1999-2015),,state forces,military vs political militia,Western Africa,Nigeria,Rivers,Port-Harcourt,,Port Harcourt,4.7774,7.0134001,high,IRIN News,Other,Military launched an attack in Port Harcourt to rid the city of militants. No deaths reported,0,1552577636,NGA,Battles,Armed clash
4976482,566,NIG1940,1940,16 August 2007,2007,exact date,Violence against civilians,Attack,Sunni Muslim Militia (Nigeria),,identity militias,Civilians (Nigeria),,civilians,communal militia vs civilians,Western Africa,Nigeria,Sokoto,Sokoto North,,Sokoto,13.048,5.2143002,high,Global Insight Daily Analysis,International,Sunni mob beats to death a Shiite Muslim named Mustapha Tela. The Sokoto region is primarily Sunni.,1,1552577636,NGA,Violence against civilians,Attack
4976496,566,NIG1939,1939,15 August 2007,2007,exact date,Violence against civilians,Attack,Unidentified Armed Group (Nigeria),,political militias,Civilians (International),,civilians,political militia vs civilians,Western Africa,Nigeria,Bayelsa,Sagbama,,Niger Delta,4.8333001,6,medium,Xinhua News,International,Gunmen disguised as soldiers kidnap three and murder another oil worker in the Niger Delta Region. The victims were both Colombian nationals. MEND denies any involvement,3,1552577636,NGA,Violence against civilians,Attack
4976506,566,NIG1938,1938,14 August 2007,2007,exact date,Violence against civilians,Attack,Unidentified Armed Group (Nigeria),,political militias,Civilians (International),,civilians,political militia vs civilians,Western Africa,Nigeria,Rivers,Port-Harcourt,,Port Harcourt,4.7774,7.0134001,high,Associated Press Newswires,International,Dutch foreigner was killed after a business deal goes badly. The victim was given 35,1,1552577636,NGA,Violence against civilians,Attack
4976558,566,NIG1937,1937,09 August 2007,2007,exact date,Violence against civilians,Attack,Unidentified Armed Group (Nigeria),,political militias,Civilians (Nigeria),,civilians,political militia vs civilians,Western Africa,Nigeria,Oyo,Ibadan North West,,Ibadan,7.3878002,3.8964,low,Dow Jones International News,International,Lawmaker of ruling party killed by unknown gunmen,1,1552577636,NGA,Violence against civilians,Attack
4976571,566,NIG1936,1936,08 August 2007,2007,exact date,Explosions/Remote violence,Remote explosive/landmine/IED,Unidentified Armed Group (Nigeria),,political militias,Civilians (Nigeria),Civilians (International),civilians,political militia vs civilians,Western Africa,Nigeria,Rivers,Port-Harcourt,,Port Harcourt,4.7774,7.0134001,high,Xinhua News,International,Militants bomb a government facility in Port Harcourt.,0,1552577636,NGA,Explosions/Remote violence,Remote explosive/landmine/IED
4976648,566,NIG1935,1935,31 July 2007,2007,exact date,Violence against civilians,Attack,Unidentified Armed Group (Nigeria),,political militias,Civilians (International),Civilians (Nigeria),civilians,political militia vs civilians,Western Africa,Nigeria,Ondo,Ondo West,,Ondo,7.0932002,4.8353,high,All Africa,Regional,Workers attacked and killed.,0,1552577636,NGA,Violence against civilians,Attack
4976659,566,NIG1934,1934,31 July 2007,2007,exact date,Violence against civilians,Attack,Unidentified Armed Group (Nigeria),,political militias,Civilians (Nigeria),,civilians,political militia vs civilians,Western Africa,Nigeria,Bayelsa,Yenegoa,,Yenagoa,4.9246998,6.2642002,low,Dow Jones International News,International,Nigerian civilians killed after being attacked on boat.,0,1552577636,NGA,Violence against civilians,Attack
4976725,566,NIG1933,1933,25 July 2007,2007,exact date,Violence against civilians,Attack,Unidentified Armed Group (Nigeria),,political militias,Civilians (International),,civilians,political militia vs civilians,Western Africa,Nigeria,Rivers,Port-Harcourt,,Port Harcourt,4.7774,7.0134001,high,Dow Jones International News,International,Gunmen kill an oil worker in Rivers State.,1,1552577636,NGA,Violence against civilians,Attack
4976733,566,NIG1929,1929,24 July 2007,2007,exact date,Violence against civilians,Attack,Unidentified Armed Group (Nigeria),,political militias,Civilians (International),,civilians,political militia vs civilians,Western Africa,Nigeria,Rivers,Port-Harcourt,,Port Harcourt,4.7774,7.0134001,low,Associated Press Newswires,International,Nigerian Oil worker is shot dead at his home in Rovers State.,1,1552577636,NGA,Violence against civilians,Attack
4976742,566,NIG1930,1930,24 July 2007,2007,exact date,Violence against civilians,Attack,Unidentified Armed Group (Nigeria),,political militias,Civilians (Nigeria),,civilians,political militia vs civilians,Western Africa,Nigeria,Delta,Oshimili South,,Asaba,6.2006001,6.7339001,low,Associated Press Newswires,International,Politician found dead.,1,1552577636,NGA,Violence against civilians,Attack
4976743,566,NIG1931,1931,24 July 2007,2007,exact date,Violence against civilians,Abduction/forced disappearance,Unidentified Armed Group (Nigeria),,political militias,Civilians (International),,civilians,political militia vs civilians,Western Africa,Nigeria,Bayelsa,Sagbama,,Niger Delta,4.8333001,6,medium,Reuters News,International,Militants abduct Pakistani construction manager in the Delta Region.,0,1552577636,NGA,Violence against civilians,Abduction/forced disappearance
4976744,566,NIG1928,1928,24 July 2007,2007,exact date,Violence against civilians,Attack,Unidentified Armed Group (Nigeria),,political militias,Civilians (International),,civilians,political militia vs civilians,Western Africa,Nigeria,Rivers,Port-Harcourt,,Port Harcourt,4.7774,7.0134001,high,Associated Press Newswires,International,British professor followed and attacked in Rivers State.,0,1552577636,NGA,Violence against civilians,Attack
4976745,566,NIG1932,1932,24 July 2007,2007,exact date,Violence against civilians,Abduction/forced disappearance,Unidentified Armed Group (Nigeria),,political militias,Civilians (Nigeria),,civilians,political militia vs civilians,Western Africa,Nigeria,Rivers,Port-Harcourt,,Port Harcourt,4.7774,7.0134001,high,All Africa,Regional,A oil production supervisor is kidnapped by militants.,0,1552577636,NGA,Violence against civilians,Abduction/forced disappearance
4976752,566,NIG1927,1927,23 July 2007,2007,exact date,Explosions/Remote violence,Remote explosive/landmine/IED,Unidentified Armed Group (Nigeria),,political militias,Civilians (Nigeria),,civilians,political militia vs civilians,Western Africa,Nigeria,Rivers,Akuku Toru,,Soku,4.6754999,6.6803002,high,All Africa,Regional,Oil well bombing was determined the work of homemade explosives.,0,1552577636,NGA,Explosions/Remote violence,Remote explosive/landmine/IED
4976751,566,NIG1926,1926,23 July 2007,2007,exact date,Violence against civilians,Abduction/forced disappearance,Unidentified Armed Group (Nigeria),,political militias,Civilians (Nigeria),,civilians,political militia vs civilians,Western Africa,Nigeria,Bayelsa,Yenegoa,,Yenagoa,4.9246998,6.2642002,low,Associated Press Newswires,International,Two Gunmen kidnap the mother of a state official.,0,1552577636,NGA,Violence against civilians,Abduction/forced disappearance
4976767,566,NIG1925,1925,20 July 2007,2007,exact date,Violence against civilians,Attack,Unidentified Armed Group (Nigeria),,political militias,Civilians (International),,civilians,political militia vs civilians,Western Africa,Nigeria,Rivers,Port-Harcourt,,Port Harcourt,4.7774,7.0134001,high,Reuters News,International,Unidentified Gunmen open fire at a party killing two,2,1552577636,NGA,Violence against civilians,Attack
4976775,566,NIG1924,1924,20 July 2007,2007,exact date,Violence against civilians,Attack,Unidentified Armed Group (Nigeria),,political militias,Civilians (International),,civilians,political militia vs civilians,Western Africa,Nigeria,Rivers,Port-Harcourt,,Port Harcourt,4.7774,7.0134001,low,Associated Press Newswires,International,Family members of an oil official killed by an unknown as their home is raided.,10,1552577636,NGA,Violence against civilians,Attack
4976777,566,NIG1923,1923,19 July 2007,2007,exact date,Battles,Government regains territory,Unidentified Armed Group (Nigeria),,political militias,Police Forces of Nigeria (1999-2015),,state forces,military vs political militia,Western Africa,Nigeria,Sokoto,Sokoto North,,Sokoto,13.048,5.2143002,high,Dow Jones International News,International,One suspected militant is killed in Sokoto as police raid their location. At least 100 others arrested.,1,1552577636,NGA,Battles,Government regains territory
4976792,566,NIG1922,1922,18 July 2007,2007,exact date,Violence against civilians,Attack,Unidentified Armed Group (Nigeria),,political militias,Civilians (International),,civilians,political militia vs civilians,Western Africa,Nigeria,Rivers,Port-Harcourt,,Port Harcourt,4.7774,7.0134001,high,Agence France Presse,International,Lebanese national is shot at his home in Port Harcourt. Apparently this was a failed abduction attempt. Another worker under his employ was also killed.,2,1552577636,NGA,Violence against civilians,Attack
4976819,566,NIG1921,1921,15 July 2007,2007,exact date,Violence against civilians,Attack,Unidentified Armed Group (Nigeria),,political militias,Civilians (International),,civilians,political militia vs civilians,Western Africa,Nigeria,Kaduna,Kaduna North,,Kaduna,10.5222,7.4383001,high,Platts Commodity News,Other,Malam Rabiu Yunus,0,1552577636,NGA,Violence against civilians,Attack
4976812,566,NIG1920,1920,15 July 2007,2007,exact date,Battles,Armed clash,Shiite Muslim Militia (Nigeria),,identity militias,Sunni Muslim Militia (Nigeria),,identity militias,communal militia vs communal militia,Western Africa,Nigeria,Sokoto,Sokoto North,,Sokoto,13.048,5.2143002,high,Associated Press Newswires,International,Violence in response to the killing of Umar Danshiya,1,1552577636,NGA,Battles,Armed clash
4976839,566,NIG1919,1919,13 July 2007,2007,exact date,Violence against civilians,Attack,Unidentified Armed Group (Nigeria),,political militias,Civilians (Nigeria),Muslim Group (Nigeria),civilians,political militia vs civilians,Western Africa,Nigeria,Sokoto,Sokoto North,,Sokoto,13.048,5.2143002,high,Agence France Presse,International,Islamic preacher killed by unknown gunman.,1,1552577636,NGA,Violence against civilians,Attack
4976945,566,NIG1918,1918,04 July 2007,2007,within week,Violence against civilians,Abduction/forced disappearance,Unidentified Armed Group (Nigeria),,political militias,Civilians (International),,civilians,political militia vs civilians,Western Africa,Nigeria,Rivers,Port-Harcourt,,Port Harcourt,4.7774,7.0134001,high,This Day (Nigeria),Subnational,Two Turkish men of the Marta Servicing Organization were abducted from their automobile by two unknown men.,0,1552577636,NGA,Violence against civilians,Abduction/forced disappearance
4976966,566,NIG1917,1917,01 July 2007,2007,exact date,Battles,Armed clash,Unidentified Armed Group (Nigeria),,political militias,Military Forces of Nigeria (1999-2015),,state forces,military vs political militia,Western Africa,Nigeria,Rivers,Akuku Toru,,Soku,4.6754999,6.6803002,high,All Africa,Regional,Unknown Militants kidnap 2 Naval members on the Soku River,0,1552577636,NGA,Battles,Armed clash
4977027,566,NIG1916,1916,25 June 2007,2007,exact date,Battles,Armed clash,Unidentified Armed Group (Nigeria),,political militias,Unidentified Armed Group (Nigeria),,political militias,political militia vs political militia,Western Africa,Nigeria,Rivers,Port-Harcourt,,Port Harcourt,4.7774,7.0134001,high,Reuters News,International,Fighting between two rival gangs,0,1552577636,NGA,Battles,Armed clash
4977052,566,NIG1915,1915,24 June 2007,2007,exact date,Violence against civilians,Attack,Unidentified Armed Group (Nigeria),,political militias,Civilians (Nigeria),,civilians,political militia vs civilians,Western Africa,Nigeria,Rivers,Port-Harcourt,,Port Harcourt,4.7774,7.0134001,high,Reuters News,International,Fighting between two rival gangs,0,1552577636,NGA,Violence against civilians,Attack
4977089,566,NIG1914,1914,21 June 2007,2007,exact date,Violence against civilians,Attack,Unidentified Armed Group (Nigeria),,political militias,Civilians (Nigeria),,civilians,political militia vs civilians,Western Africa,Nigeria,Rivers,Port-Harcourt,,Port Harcourt,4.7774,7.0134001,high,Platts Commodity News,Other,Unidentified gunmen kill the labor union chief of a gas company.,1,1552577636,NGA,Violence against civilians,Attack
4977108,566,NIG1913,1913,20 June 2007,2007,exact date,Riots,Violent demonstration,Rioters (Nigeria),,rioters,,,0,sole rioter action,Western Africa,Nigeria,Borno,Maiduguri,,Maiduguri,11.8464,13.1603,high,Daily Champion,National,Borno State workers joined in a strike ordered by organized labour to protest the recent hike in the prices of petroleum products and other unpopular actions of government. Government vehicles were reportedly attacked by hoodlums in the metropolis.,0,1552577636,NGA,Riots,Violent demonstration
4977116,566,NIG1911,1911,19 June 2007,2007,exact date,Violence against civilians,Attack,Unidentified Armed Group (Nigeria),,political militias,Civilians (Nigeria),,civilians,political militia vs civilians,Western Africa,Nigeria,Bayelsa,Sagbama,,Niger Delta,4.8333001,6,medium,The New York Times,International,Eni flow station overrun by militants,0,1552577636,NGA,Violence against civilians,Attack
4977111,566,NIG1912,1912,19 June 2007,2007,within week,Riots,Mob violence,Rioters (Nigeria),Vigilante Group (Nigeria),rioters,Civilians (Nigeria),,civilians,rioters vs civilians,Western Africa,Nigeria,Anambra,Onitsha North,,Onitsha,6.1454,6.7884998,high,All Africa,Regional,Community kills 8 for alleged witchcraft.,8,1552577636,NGA,Riots,Mob violence
4977119,566,NIG1909,1909,18 June 2007,2007,exact date,Battles,Armed clash,Military Forces of Nigeria (1999-2015),,state forces,Unidentified Armed Group (Nigeria),,political militias,military vs political militia,Western Africa,Nigeria,Bayelsa,Sagbama,,Niger Delta,4.8333001,6,high,The Financial Times Limited,International,Militant group engages in a revenge battle against Army.,0,1552577636,NGA,Battles,Armed clash
4977138,566,NIG1906,1906,17 June 2007,2007,exact date,Battles,Government regains territory,Unidentified Armed Group (Nigeria),,political militias,Military Forces of Nigeria (1999-2015),,state forces,military vs political militia,Western Africa,Nigeria,Bayelsa,Sagbama,,Niger Delta,4.8333001,6,medium,Dow Jones International News,International,Nigerian troops overtake a oil depot previously taken by gunmen; kill 12.,12,1552577636,NGA,Battles,Government regains territory
4977146,566,NIG1907,1907,17 June 2007,2007,exact date,Explosions/Remote violence,Remote explosive/landmine/IED,MEND: Movement for the Emancipation of the Niger Delta,,rebel groups,Civilians (Nigeria),,civilians,rebels vs civilians,Western Africa,Nigeria,Bayelsa,Southern Ijaw,,Oporoma,4.8046999,6.0788999,medium,All Africa,Regional,MEND militants bomb a oil flow station in Ogboinbiri.,0,1552577636,NGA,Explosions/Remote violence,Remote explosive/landmine/IED
4977144,566,NIG1908,1908,17 June 2007,2007,exact date,Violence against civilians,Attack,Unidentified Armed Group (Nigeria),,political militias,Civilians (Nigeria),,civilians,political militia vs civilians,Western Africa,Nigeria,Niger,Chanchaga,,Minna,9.6139002,6.5569,low,This Day (Nigeria),Subnational,Deputy Governors son shot dead by unknown attackers.,1,1552577636,NGA,Violence against civilians,Attack
4977149,566,NIG1905,1905,16 June 2007,2007,exact date,Battles,Armed clash,Unidentified Armed Group (Nigeria),,political militias,Military Forces of Nigeria (1999-2015) Joint Task Force,,state forces,military vs political militia,Western Africa,Nigeria,Bayelsa,Yenegoa,,Yenagoa,4.9246998,6.2642002,low,Xinhua News,International,Militant group strikes against the JTF,0,1552577636,NGA,Battles,Armed clash
4977156,566,NIG1904,1904,15 June 2007,2007,exact date,Protests,Peaceful protest,Protesters (Nigeria),,protesters,,,0,sole protester action,Western Africa,Nigeria,Delta,Warri South,,Warri,5.5166998,5.75,high,Dow Jones International News,International,Angry villagers chased workers away from an oil platform in Warri,0,1552577636,NGA,Protests,Peaceful protest
4977198,566,NIG1903,1903,11 June 2007,2007,exact date,Battles,Armed clash,Unidentified Armed Group (Nigeria),,political militias,Military Forces of Nigeria (1999-2015),,state forces,military vs political militia,Western Africa,Nigeria,Akwa Ibom,Uyo,,Uyo,5.0332999,7.9266,medium,Xinhua News,International,Militants battle Naval personnel protecting a jetty; one pregnant bystander killed,0,1552577636,NGA,Battles,Armed clash
4977223,566,NIG1902,1902,10 June 2007,2007,exact date,Violence against civilians,Abduction/forced disappearance,MEND: Movement for the Emancipation of the Niger Delta,,rebel groups,Civilians (International),,civilians,rebels vs civilians,Western Africa,Nigeria,Bayelsa,Ekeremor,,Amatu,4.9333,5.4667001,high,Vanguard (Nigeria),National,300 militants in 30 boats take an oil platform and kidnap 3 workers,0,1552577636,NGA,Violence against civilians,Abduction/forced disappearance
4977229,566,NIG1901,1901,08 June 2007,2007,exact date,Violence against civilians,Attack,Unidentified Armed Group (Nigeria),,political militias,Civilians (International),,civilians,political militia vs civilians,Western Africa,Nigeria,Rivers,Port-Harcourt,,Port Harcourt,4.7774,7.0134001,high,Platts Commodity News,Other,Militants attack workers a patrons at a gas station killing three.,3,1552577636,NGA,Violence against civilians,Attack
4977236,566,NIG1900,1900,08 June 2007,2007,exact date,Violence against civilians,Abduction/forced disappearance,Unidentified Armed Group (Nigeria),,political militias,Civilians (Nigeria),,civilians,political militia vs civilians,Western Africa,Nigeria,Bayelsa,Yenegoa,,Yenagoa,4.9246998,6.2642002,high,All Africa,Regional,Militants kidnap the son of a Nigerian Lawmaker,0,1552577636,NGA,Violence against civilians,Abduction/forced disappearance
4977262,566,NIG1899,1899,05 June 2007,2007,within week,Violence against civilians,Abduction/forced disappearance,MEND: Movement for the Emancipation of the Niger Delta,,rebel groups,Civilians (International),,civilians,rebels vs civilians,Western Africa,Nigeria,Bayelsa,Sagbama,,Niger Delta,4.8333001,6,medium,NPR,International,American workers kidnapped by MEND.,0,1552577636,NGA,Violence against civilians,Abduction/forced disappearance
4977298,566,NIG1897,1897,02 June 2007,2007,exact date,Battles,Armed clash,Unidentified Armed Group (Nigeria),,political militias,Police Forces of Nigeria (1999-2015),,state forces,military vs political militia,Western Africa,Nigeria,Bayelsa,Sagbama,,Niger Delta,4.8333001,6,medium,Agence France Presse,International,Gunman kills two MOPOL police in kidnapping raid.,2,1552577637,NGA,Battles,Armed clash
4977310,566,NIG1898,1898,02 June 2007,2007,exact date,Violence against civilians,Abduction/forced disappearance,Unidentified Armed Group (Nigeria),,political militias,Civilians (International),,civilians,political militia vs civilians,Western Africa,Nigeria,Bayelsa,Sagbama,,Niger Delta,4.8333001,6,medium,Agence France Presse,International,Gunman kidnaps Filipino National.,0,1552577637,NGA,Violence against civilians,Abduction/forced disappearance
4977335,566,NIG1895,1895,30 May 2007,2007,exact date,Violence against civilians,Abduction/forced disappearance,Unidentified Armed Group (Nigeria),,political militias,Civilians (International),Civilians (India),civilians,political militia vs civilians,Western Africa,Nigeria,Rivers,Port-Harcourt,,Port Harcourt,4.7774,7.0134001,high,All Africa,Regional,Militants kidnap seven Indian expatriates,0,1552577637,NGA,Violence against civilians,Abduction/forced disappearance
4977352,566,NIG1894,1894,29 May 2007,2007,within week,Battles,Armed clash,Unidentified Ethnic Militia (Nigeria),,identity militias,Doemak Ethnic Militia (Nigeria),,identity militias,communal militia vs communal militia,Western Africa,Nigeria,Plateau,Bokkos,,Mangar,9.1999998,8.6999998,high,Local Media Source,National,Land clash of two communities.,0,1552577637,NGA,Battles,Armed clash
4977362,566,NIG1893,1893,27 May 2007,2007,exact date,Violence against civilians,Attack,Unidentified Armed Group (Nigeria),,political militias,Civilians (Nigeria),,civilians,political militia vs civilians,Western Africa,Nigeria,Ondo,Ondo West,,Ondo,7.0932002,4.8353,low,Agence France Presse,International,State security chief shot dead by Nigerian Militants.,1,1552577637,NGA,Violence against civilians,Attack
4977375,566,NIG1889,1889,25 May 2007,2007,exact date,Violence against civilians,Abduction/forced disappearance,Unidentified Armed Group (Nigeria),,political militias,Civilians (Nigeria),,civilians,political militia vs civilians,Western Africa,Nigeria,Bayelsa,Sagbama,,Niger Delta,4.8333001,6,medium,Indo-Asian News Service,International,Militants seize 10 oil workers off platform in Niger Delta region.,0,1552577637,NGA,Violence against civilians,Abduction/forced disappearance
4977376,566,NIG1892,1892,25 May 2007,2007,exact date,Violence against civilians,Abduction/forced disappearance,Unidentified Armed Group (Nigeria),,political militias,Civilians (International),,civilians,political militia vs civilians,Western Africa,Nigeria,Bayelsa,Sagbama,,Niger Delta,4.8333001,6,medium,The Daily Telegraph,National,Four Britons kidnapped off an oil derrick in the Niger Delta.,0,1552577637,NGA,Violence against civilians,Abduction/forced disappearance
4977377,566,NIG1890,1890,25 May 2007,2007,exact date,Battles,Armed clash,MEND: Movement for the Emancipation of the Niger Delta,,rebel groups,Unidentified Armed Group (Nigeria),,political militias,rebels vs political militia,Western Africa,Nigeria,Rivers,Port-Harcourt,,Port Harcourt,4.7774,7.0134001,low,Reuters News,International,Rival militant groups clash,0,1552577637,NGA,Battles,Armed clash
4977379,566,NIG1891,1891,25 May 2007,2007,within week,Battles,Armed clash,NDFF: Niger Delta Freedom Fighters,,political militias,MEND: Movement for the Emancipation of the Niger Delta,,rebel groups,rebels vs political militia,Western Africa,Nigeria,Rivers,Port-Harcourt,,Port Harcourt,4.7774,7.0134001,low,All Africa,Regional,Militant groups clash,0,1552577637,NGA,Battles,Armed clash
4977385,566,NIG1887,1887,24 May 2007,2007,within week,Riots,Violent demonstration,Rioters (Nigeria),,rioters,,,0,sole rioter action,Western Africa,Nigeria,Oyo,Ibadan North West,,Ibadan,7.3878002,3.8964,low,All Africa,Regional,Political Violence during election. Six killed,6,1552577637,NGA,Riots,Violent demonstration
4977393,566,NIG1888,1888,24 May 2007,2007,exact date,Violence against civilians,Abduction/forced disappearance,Unidentified Armed Group (Nigeria),,political militias,Civilians (International),,civilians,political militia vs civilians,Western Africa,Nigeria,Bayelsa,Yenegoa,,Yenagoa,4.9246998,6.2642002,low,US Fed News,Other,Gunmen kidnap three Americans,0,1552577637,NGA,Violence against civilians,Abduction/forced disappearance
4977407,566,NIG1886,1886,22 May 2007,2007,exact date,Violence against civilians,Abduction/forced disappearance,Unidentified Armed Group (Nigeria),,political militias,Civilians (International),,civilians,political militia vs civilians,Western Africa,Nigeria,Delta,Warri South,,Warri,5.5166998,5.75,high,Dow Jones International News,International,Gunmen kidnap a Polish oil worker.,0,1552577637,NGA,Violence against civilians,Abduction/forced disappearance
4977435,566,NIG1885,1885,19 May 2007,2007,exact date,Violence against civilians,Attack,Unidentified Armed Group (Nigeria),,political militias,Civilians (International),,civilians,political militia vs civilians,Western Africa,Nigeria,Rivers,Port-Harcourt,,Port Harcourt,4.7774,7.0134001,high,Reuters News,International,Gunmen shot at a crowed bus station,0,1552577637,NGA,Violence against civilians,Attack
4977456,566,NIG1884,1884,16 May 2007,2007,exact date,Battles,Armed clash,Unidentified Armed Group (Nigeria),,political militias,Unidentified Armed Group (Nigeria),,political militias,political militia vs political militia,Western Africa,Nigeria,Lagos,Lagos Island,,Lagos,6.4531002,3.3958001,high,All Africa,Regional,Fighting broke out between fractions of the same group. 3 Killed,3,1552577637,NGA,Battles,Armed clash
4977480,566,NIG1883,1883,14 May 2007,2007,exact date,Violence against civilians,Attack,Unidentified Armed Group (Nigeria),,political militias,Civilians (International),Civilians (Nigeria),civilians,political militia vs civilians,Western Africa,Nigeria,Bayelsa,Sagbama,,Niger Delta,4.8333001,6,medium,Dow Jones International News,International,Gunmen kidnap 3 Indian workers in Niger Delta; Kill one Nigerian worker.,1,1552577637,NGA,Violence against civilians,Attack
4977556,566,NIG1881,1881,08 May 2007,2007,exact date,Battles,Armed clash,Unidentified Armed Group (Nigeria),,political militias,Unidentified Armed Group (Nigeria),,political militias,political militia vs political militia,Western Africa,Nigeria,Rivers,Port-Harcourt,,Port Harcourt,4.7774,7.0134001,high,Dow Jones International News,International,Gang Violence in Port Harcourt.,0,1552577637,NGA,Battles,Armed clash
4977557,566,NIG1882,1882,08 May 2007,2007,within week,Battles,Armed clash,Unidentified Armed Group (Nigeria),,political militias,Unidentified Armed Group (Nigeria),,political militias,political militia vs political militia,Western Africa,Nigeria,Rivers,Port-Harcourt,,Port Harcourt,4.7774,7.0134001,high,Dow Jones International News,International,Gun battles in Port Harcourt between gangs.,0,1552577637,NGA,Battles,Armed clash
4977577,566,NIG1880,1880,07 May 2007,2007,exact date,Violence against civilians,Abduction/forced disappearance,Unidentified Armed Group (Nigeria),,political militias,Civilians (Nigeria),,civilians,political militia vs civilians,Western Africa,Nigeria,Osun,Ejigbo,,Isoko,7.9166999,4.2832999,high,All Africa,Regional,Five oil workers kidnapped in Isoko.,0,1552577637,NGA,Violence against civilians,Abduction/forced disappearance
4977568,566,NIG1879,1879,07 May 2007,2007,exact date,Battles,Armed clash,Unidentified Armed Group (Nigeria),,political militias,Military Forces of Nigeria (1999-2015),,state forces,military vs political militia,Western Africa,Nigeria,Rivers,Ahoada West,,Mbiama,5.0605998,6.4531999,high,All Africa,Regional,Nigerian soldiers kill one militant,1,1552577637,NGA,Battles,Armed clash
4977567,566,NIG1878,1878,07 May 2007,2007,exact date,Battles,Armed clash,Unidentified Armed Group (Nigeria),,political militias,Military Forces of Nigeria (1999-2015),,state forces,military vs political militia,Western Africa,Nigeria,Rivers,Ahoada West,,Mbiama,5.0605998,6.4531999,high,Reuters News,International,Militants attack troop defending an oil operation; Nigerian troops repel,0,1552577637,NGA,Battles,Armed clash
4977630,566,NIG1877,1877,01 May 2007,2007,exact date,Violence against civilians,Abduction/forced disappearance,Unidentified Armed Group (Nigeria),,political militias,Civilians (International),,civilians,political militia vs civilians,Western Africa,Nigeria,Rivers,Emohua,,Emohua,4.8815999,6.8625002,medium,All Africa,Regional,Unknown Militant group kidnaps 5 Chinese Telecom Workers,0,1552577637,NGA,Violence against civilians,Abduction/forced disappearance
4977660,566,NIG1876,1876,27 April 2007,2007,exact date,Violence against civilians,Abduction/forced disappearance,Unidentified Armed Group (Nigeria),,political militias,Civilians (Nigeria),,civilians,political militia vs civilians,Western Africa,Nigeria,Bayelsa,Sagbama,,Niger Delta,4.8333001,6,medium,All Africa,Regional,Mother of Governor elect kidnapped.,0,1552577637,NGA,Violence against civilians,Abduction/forced disappearance
4977692,566,NIG1873,1873,25 April 2007,2007,exact date,Violence against civilians,Attack,MEND: Movement for the Emancipation of the Niger Delta,,rebel groups,Civilians (Nigeria),,civilians,rebels vs civilians,Western Africa,Nigeria,Bayelsa,Sagbama,,Niger Delta,4.8333001,6,medium,Global Insight Daily Analysis,International,Six kidnapped on an oil platform off the coast. One dead.,1,1552577637,NGA,Violence against civilians,Attack
4977695,566,NIG1875,1875,25 April 2007,2007,exact date,Violence against civilians,Attack,PDP: Peoples Democratic Party,,political militias,Civilians (Nigeria),,civilians,political militia vs civilians,Western Africa,Nigeria,Gombe,Gombe,,Gombe,10.2897,11.1673,medium,Human Rights Watch News,Other,The PDP was observed in election fraud and violence.,0,1552577637,NGA,Violence against civilians,Attack
4977696,566,NIG1874,1874,25 April 2007,2007,exact date,Violence against civilians,Attack,PDP: Peoples Democratic Party,,political militias,Civilians (Nigeria),,civilians,political militia vs civilians,Western Africa,Nigeria,Katsina,Daura,,Daura,13.0359,8.3163004,high,Human Rights Watch News,Other,The PDP was observed in election fraud and violence.,0,1552577637,NGA,Violence against civilians,Attack
4977693,566,NIG1872,1872,25 April 2007,2007,exact date,Battles,Armed clash,Unidentified Armed Group (Nigeria),,political militias,Police Forces of Nigeria (1999-2015),,state forces,military vs political militia,Western Africa,Nigeria,Rivers,Port-Harcourt,,Port Harcourt,4.7774,7.0134001,high,Associated Press Newswires,International,Gunmen kill two police,0,1552577637,NGA,Battles,Armed clash
4977736,566,NIG1871,1871,22 April 2007,2007,exact date,Violence against civilians,Attack,Unidentified Armed Group (Nigeria),,political militias,Civilians (Nigeria),,civilians,political militia vs civilians,Western Africa,Nigeria,Rivers,Port-Harcourt,,Port Harcourt,4.7774,7.0134001,high,Reuters News,International,Gang Violence in Port Harcourt.,0,1552577637,NGA,Violence against civilians,Attack
4977732,566,NIG1870,1870,22 April 2007,2007,exact date,Battles,Armed clash,PDP: Peoples Democratic Party,Police Forces of Nigeria (1999-2015),political militias,ANPP: All Nigeria Peoples Party,,political militias,political militia vs political militia,Western Africa,Nigeria,Katsina,Katsina,,Katsina,12.9894,7.6005998,medium,Agence France Presse,International,At least 39 die when police become involed in election clash.,39,1552577637,NGA,Battles,Armed clash
4977766,566,NIG1869,1869,20 April 2007,2007,exact date,Battles,Armed clash,Unidentified Armed Group (Nigeria),,political militias,Police Forces of Nigeria (1999-2015),,state forces,military vs political militia,Western Africa,Nigeria,Federal Capital Territory,Abuja Municipal,,Karu,8.9961004,7.5756001,high,Agence France Presse,International,Nigerian Police shot and killed in ambush.,1,1552577637,NGA,Battles,Armed clash
4977782,566,NIG1868,1868,18 April 2007,2007,exact date,Battles,Armed clash,Military Forces of Nigeria (1999-2015),,state forces,Al-Sunna wal Jamma Militia,,political militias,military vs political militia,Western Africa,Nigeria,Kano,Kano Municipal,,Kano,11.9702,8.5044003,high,Agence France Presse,International,"Nigerian soldiers killed at least 25 Islamic militants on Wednesday, the second day of violent clashes in the northern city of Kano.",25,1552577637,NGA,Battles,Armed clash
5021536,566,NIG1867,1867,17 April 2007,2007,exact date,Battles,Armed clash,Al-Sunna wal Jamma Militia,,political militias,Police Forces of Nigeria (1999-2015),,state forces,military vs political militia,Western Africa,Nigeria,Kano,Kano Municipal,,Kano,11.9702,8.5044003,high,Agence France Presse,International,An Islamic fundamentalist group on Tuesday killed 12 police officers and one civilian in an attack on a police station in the northern Nigerian city of Kano,13,1553544834,NGA,Battles,Armed clash
4977801,566,NIG1866,1866,16 April 2007,2007,exact date,Riots,Violent demonstration,Rioters (Nigeria),,rioters,,,0,sole rioter action,Western Africa,Nigeria,Ondo,Ondo West,,Ondo,7.0932002,4.8353,low,Local Media Source,National,Riot broke out when election officials were suspected of falsifying results of an election.,0,1552577637,NGA,Riots,Violent demonstration
4977809,566,NIG1865,1865,15 April 2007,2007,exact date,Violence against civilians,Attack,Unidentified Armed Group (Nigeria),,political militias,Civilians (Nigeria),,civilians,political militia vs civilians,Western Africa,Nigeria,Anambra,Awka South,,Awka,6.2101002,7.0741,low,Local Media Source,National,Nigerian youths kill three and burn an election office in the Anambra State.,3,1552577637,NGA,Violence against civilians,Attack
5183379,566,NIG1863,1863,14 April 2007,2007,exact date,Violence against civilians,Attack,Unidentified Armed Group (Nigeria),,political militias,Civilians (Nigeria),,civilians,political militia vs civilians,Western Africa,Nigeria,Borno,Dikwa,,Dikwa,12.024,13.9165,high,This Day,National,Reports of electoral violence in state elections: PDP leaders alleged that about 4 persons were killed in Dikwa and seven vehicles burnt at Abadan by suspected thugs.,4,1558387849,NGA,Violence against civilians,Attack
4977814,566,NIG1864,1864,14 April 2007,2007,exact date,Violence against civilians,Attack,Unidentified Armed Group (Nigeria),,political militias,Civilians (Nigeria),,civilians,political militia vs civilians,Western Africa,Nigeria,Borno,Maiduguri,,Maiduguri,11.8464,13.1603,high,This Day,National,"Reports of electoral violence in state elections: at the Mafoni ward, in Maiduguri at about 12.30, voters were driven out of the polling centre by armed youths.",0,1552577637,NGA,Violence against civilians,Attack
4977817,566,NIG1862,1862,14 April 2007,2007,exact date,Riots,Violent demonstration,Rioters (Nigeria),,rioters,Police Forces of Nigeria (1999-2015),,state forces,military vs rioters,Western Africa,Nigeria,Jigawa,Roni,,Roni,12.6571,8.2652998,high,This Day,National,"Reports of electoral violence in state elections: violence marred the process in Roni, Roni local government of the state as youths from rival political groups engaged in free for all fight. The town was enveloped in smoke as the warring parties made burn-fires on the major streets of the town. In an effort to stop the violence, a policeman was viciously attacked and he had to be rushed to the hospital.",0,1552577637,NGA,Riots,Violent demonstration
4977816,566,NIG1861,1861,14 April 2007,2007,exact date,Battles,Armed clash,Unidentified Armed Group (Nigeria),,political militias,Police Forces of Nigeria (1999-2015),,state forces,military vs political militia,Western Africa,Nigeria,Rivers,Port-Harcourt,,Port Harcourt,4.7774,7.0134001,low,Associated Press Newswires,International,A militant group attacks police station,0,1552577637,NGA,Battles,Armed clash
4977815,566,NIG1860,1860,14 April 2007,2007,exact date,Battles,Armed clash,Unidentified Armed Group (Nigeria),,political militias,Military Forces of Nigeria (1999-2015),,state forces,military vs political militia,Western Africa,Nigeria,Rivers,Port-Harcourt,,Port Harcourt,4.7774,7.0134001,low,Associated Press Newswires,International,Unidentified assailants attack troops at an unknown location in Rivers State.,0,1552577637,NGA,Battles,Armed clash
4977831,566,NIG1859,1859,13 April 2007,2007,exact date,Violence against civilians,Attack,Unidentified Armed Group (Nigeria),,political militias,Civilians (Nigeria),Muslim Group (Nigeria),civilians,political militia vs civilians,Western Africa,Nigeria,Kano,Kano Municipal,,Kano,11.9702,8.5044003,high,Dow Jones International News,International,An Unidentified gunman kills Muslim leader in the northern city of Kano.,1,1552577637,NGA,Violence against civilians,Attack
4977851,566,NIG1858,1858,12 April 2007,2007,exact date,Battles,Armed clash,Unidentified Armed Group (Nigeria),,political militias,Police Forces of Nigeria (1999-2015),,state forces,military vs political militia,Western Africa,Nigeria,Rivers,Ahoada East,,Ahoada,5.0739999,6.6535001,high,Vanguard (Nigeria),National,A group of gunmen attack a police station and kill three police for unknown reasons.,3,1552577637,NGA,Battles,Armed clash
4977903,566,NIG1855,1855,07 April 2007,2007,within week,Violence against civilians,Abduction/forced disappearance,Unidentified Armed Group (Nigeria),,political militias,Civilians (Nigeria),,civilians,political militia vs civilians,Western Africa,Nigeria,Bayelsa,Sagbama,,Niger Delta,4.8333001,6,medium,Newstalk ZB,International,Five kidnapped on Oil derrick in Niger Delta.,0,1552577637,NGA,Violence against civilians,Abduction/forced disappearance
4977909,566,NIG1856,1856,07 April 2007,2007,exact date,Violence against civilians,Abduction/forced disappearance,Unidentified Armed Group (Nigeria),,political militias,Civilians (Nigeria),,civilians,political militia vs civilians,Western Africa,Nigeria,Bayelsa,Yenegoa,,Yenagoa,4.9246998,6.2642002,low,All Africa,Regional,Mother of the Speaker of the House Assembly of the Bayelsa State kidnapped.,0,1552577637,NGA,Violence against civilians,Abduction/forced disappearance
4977910,566,NIG1857,1857,07 April 2007,2007,within week,Violence against civilians,Abduction/forced disappearance,Unidentified Armed Group (Nigeria),,political militias,Civilians (International),,civilians,political militia vs civilians,Western Africa,Nigeria,Rivers,Port-Harcourt,,Port Harcourt,4.7774,7.0134001,high,The Guardian,National,Street gang kidnaps the child of a British oil consultant. They threaten to kill her unless her father takes her place among them.,0,1552577637,NGA,Violence against civilians,Abduction/forced disappearance
4977914,566,NIG1854,1854,05 April 2007,2007,within week,Protests,Peaceful protest,Protesters (Nigeria),,protesters,,,0,sole protester action,Western Africa,Nigeria,Lagos,Lagos Island,,Lagos,6.4531002,3.3958001,high,IRIN News,Other,Nigerian Civilians protest election.,0,1552577637,NGA,Protests,Peaceful protest
4977935,566,NIG1853,1853,01 April 2007,2007,exact date,Battles,Armed clash,Unidentified Ethnic Militia (Nigeria),,identity militias,Unidentified Ethnic Militia (Nigeria),,identity militias,communal militia vs communal militia,Western Africa,Nigeria,Zamfara,Gusau,,Gusau,12.1628,6.6613998,low,Agence France Presse,International,Violent clash between farmers and nomads,0,1552577637,NGA,Battles,Armed clash
4977958,566,NIG1852,1852,30 March 2007,2007,within week,Battles,Armed clash,Unidentified Armed Group (Nigeria),,political militias,Unidentified Armed Group (Nigeria),,political militias,political militia vs political militia,Western Africa,Nigeria,Nasarawa,Lafia,,Lafia,8.4833002,8.5166998,high,Vanguard (Nigeria),National,Political clash between two rival parties,0,1552577637,NGA,Battles,Armed clash
4977989,566,NIG1851,1851,28 March 2007,2007,exact date,Strategic developments,Looting/property destruction,PDP: Peoples Democratic Party,,political militias,,,0,sole political militia action,Western Africa,Nigeria,Kano,Bichi,,Bichi,12.2343,8.2412004,high,IRIN News,Other,Property destruction: Members of the PDP are suspected of vandalizing the property of opposition supporters.,0,1552577637,NGA,Strategic developments,Looting/property destruction
4978014,566,NIG1850,1850,26 March 2007,2007,exact date,Violence against civilians,Abduction/forced disappearance,Unidentified Armed Group (Nigeria),,political militias,Civilians (International),,civilians,political militia vs civilians,Western Africa,Nigeria,Rivers,Port-Harcourt,,Port Harcourt,4.7774,7.0134001,high,All Africa,Regional,Unknown Militants abduct Dutchman in Port Harcourt,0,1552577637,NGA,Violence against civilians,Abduction/forced disappearance
4978031,566,NIG1846,1846,23 March 2007,2007,exact date,Violence against civilians,Abduction/forced disappearance,Unidentified Armed Group (Nigeria),,political militias,Civilians (International),,civilians,political militia vs civilians,Western Africa,Nigeria,Bayelsa,Sagbama,,Niger Delta,4.8333001,6,medium,All Africa,Regional,Unknown Militants kidnap 4 Indian Civilians,0,1552577637,NGA,Violence against civilians,Abduction/forced disappearance
4978032,566,NIG1847,1847,23 March 2007,2007,exact date,Violence against civilians,Abduction/forced disappearance,Unidentified Armed Group (Nigeria),,political militias,Civilians (International),,civilians,political militia vs civilians,Western Africa,Nigeria,Bayelsa,Sagbama,,Niger Delta,4.8333001,6,medium,All Africa,Regional,Unknown Militants kidnap 4 Lebanese Civilians,0,1552577637,NGA,Violence against civilians,Abduction/forced disappearance
4978033,566,NIG1848,1848,23 March 2007,2007,exact date,Violence against civilians,Abduction/forced disappearance,Unidentified Armed Group (Nigeria),,political militias,Civilians (International),,civilians,political militia vs civilians,Western Africa,Nigeria,Bayelsa,Sagbama,,Niger Delta,4.8333001,6,medium,All Africa,Regional,Unknown Militants kidnap 8 foreign workers.,0,1552577637,NGA,Violence against civilians,Abduction/forced disappearance
4978034,566,NIG1849,1849,23 March 2007,2007,exact date,Violence against civilians,Abduction/forced disappearance,Unidentified Armed Group (Nigeria),,political militias,Civilians (International),,civilians,political militia vs civilians,Western Africa,Nigeria,Bayelsa,Sagbama,,Niger Delta,4.8333001,6,medium,All Africa,Regional,Unknown Militants kidnap one Dutch National,0,1552577637,NGA,Violence against civilians,Abduction/forced disappearance
5183380,566,NIG1845,1845,21 March 2007,2007,exact date,Riots,Mob violence,Rioters (Nigeria),Vigilante Group (Nigeria); Students (Nigeria); Muslim Group (Nigeria),rioters,Civilians (Nigeria),Christian Group (Nigeria),civilians,rioters vs civilians,Western Africa,Nigeria,Yobe,Damaturu,,Damaturu,11.747,11.9608,low,Reuters News,International,Muslim students accuse Christian teacher of desecrating the Koran and kill her.,1,1558387849,NGA,Riots,Mob violence
4978084,566,NIG1844,1844,18 March 2007,2007,within week,Battles,Armed clash,Unidentified Armed Group (Nigeria),,political militias,Unidentified Armed Group (Nigeria),,political militias,political militia vs political militia,Western Africa,Nigeria,Benue,Makurdi,,Makurdi,7.7410998,8.5121002,low,Agence France Presse,International,Political clash between two rival parties,0,1552577637,NGA,Battles,Armed clash
4978167,566,NIG1843,1843,09 March 2007,2007,exact date,Violence against civilians,Attack,Unidentified Armed Group (Nigeria),,political militias,Civilians (International),,civilians,political militia vs civilians,Western Africa,Nigeria,Lagos,Lagos Island,,Lagos,6.4531002,3.3958001,high,The Sun,National,US citizen and security chief of a Shell station was shot dead at his home in Lagos.,1,1552577637,NGA,Violence against civilians,Attack
4978181,566,NIG1842,1842,08 March 2007,2007,exact date,Violence against civilians,Attack,Unidentified Armed Group (Nigeria),,political militias,Civilians (International),Civilians (Nigeria),civilians,political militia vs civilians,Western Africa,Nigeria,Ondo,Akure South,,Akure,7.2526002,5.1931,high,All Africa,Regional,Workers attacked and killed.,0,1552577637,NGA,Violence against civilians,Attack
4978197,566,NIG1841,1841,07 March 2007,2007,exact date,Violence against civilians,Abduction/forced disappearance,MEND: Movement for the Emancipation of the Niger Delta,,rebel groups,Civilians (Nigeria),,civilians,rebels vs civilians,Western Africa,Nigeria,Rivers,Akuku Toru,,Soku,4.6754999,6.6803002,high,Platts Commodity News,Other,MEND abducts 5 workers from a Shell plant in Soku.,0,1552577637,NGA,Violence against civilians,Abduction/forced disappearance
4978196,566,NIG1840,1840,07 March 2007,2007,exact date,Battles,Armed clash,NDV: Niger Delta Vigilant Militia,,political militias,Military Forces of Nigeria (1999-2015),,state forces,military vs political militia,Western Africa,Nigeria,Rivers,Okrika,,Okrika,4.7416,7.0848999,high,This Day (Nigeria),Subnational,Militant group attacks and kills at least three Nigerian Naval Officers.,3,1552577637,NGA,Battles,Armed clash
4978201,566,NIG1839,1839,06 March 2007,2007,exact date,Battles,Armed clash,Unidentified Armed Group (Nigeria),,political militias,Military Forces of Nigeria (1999-2015),,state forces,military vs political militia,Western Africa,Nigeria,Bayelsa,Nembe,,Agip Flow Station,4.6292,6.2670999,high,Reuters News,International,Nigerian Troops kill eight suspected militants following attacks at the Agip flow station.,8,1552577637,NGA,Battles,Armed clash
4978227,566,NIG1838,1838,05 March 2007,2007,exact date,Violence against civilians,Abduction/forced disappearance,Unidentified Armed Group (Nigeria),,political militias,Civilians (International),,civilians,political militia vs civilians,Western Africa,Nigeria,Rivers,Port-Harcourt,,Port Harcourt,4.7774,7.0134001,high,All Africa,Regional,Belorussian woman kidnapped,0,1552577638,NGA,Violence against civilians,Abduction/forced disappearance
4978223,566,NIG1837,1837,05 March 2007,2007,exact date,Battles,Armed clash,Unidentified Armed Group (Nigeria),,political militias,Police Forces of Nigeria (1999-2015),,state forces,military vs political militia,Western Africa,Nigeria,Rivers,Port-Harcourt,,Port Harcourt,4.7774,7.0134001,high,Associated Press Newswires,International,Gunmen kill two police,0,1552577638,NGA,Battles,Armed clash
4978304,566,NIG1836,1836,28 February 2007,2007,exact date,Riots,Mob violence,Rioters (Nigeria),ANPP: All Nigeria Peoples Party,rioters,Police Forces of Nigeria (1999-2015),,state forces,military vs rioters,Western Africa,Nigeria,Borno,Maiduguri,,Maiduguri,11.8464,13.1603,high,Daily Champion,National,"National secretary of All Nigeria Peoples Party (ANPP) Senator Saidu Kumo yesterday, in Maiduguri, Borno State escaped death at the hands of party supporters who accused him of partiality in the handling of governorship tickets. Security personnel battled rioters who stormed the state government house.",0,1552577638,NGA,Riots,Mob violence
4978328,566,NIG1833,1833,26 February 2007,2007,within week,Violence against civilians,Abduction/forced disappearance,MEND: Movement for the Emancipation of the Niger Delta,,rebel groups,Civilians (International),,civilians,rebels vs civilians,Western Africa,Nigeria,Bayelsa,Sagbama,,Niger Delta,4.8333001,6,medium,Global Insight Daily Analysis,International,Italian kidnapped in Nigerian Delta region.,0,1552577638,NGA,Violence against civilians,Abduction/forced disappearance
4978329,566,NIG1834,1834,26 February 2007,2007,within week,Violence against civilians,Attack,MEND: Movement for the Emancipation of the Niger Delta,,rebel groups,Civilians (International),,civilians,rebels vs civilians,Western Africa,Nigeria,Bayelsa,Sagbama,,Niger Delta,4.8333001,6,medium,Global Insight Daily Analysis,International,Italian killed in Nigerian Delta region.,1,1552577638,NGA,Violence against civilians,Attack
4978336,566,NIG1832,1832,23 February 2007,2007,exact date,Violence against civilians,Attack,Unidentified Armed Group (Nigeria),,political militias,Civilians (International),,civilians,political militia vs civilians,Western Africa,Nigeria,Rivers,Port-Harcourt,,Port Harcourt,4.7774,7.0134001,low,Agence France Presse,International,Lebanese worker is killed on Isotope road in the Rivers State region of Nigeria.,1,1552577638,NGA,Violence against civilians,Attack
4978366,566,NIG1831,1831,21 February 2007,2007,exact date,Battles,Armed clash,Unidentified Armed Group (Nigeria),,political militias,Military Forces of Nigeria (1999-2015),,state forces,military vs political militia,Western Africa,Nigeria,Delta,Isoko South,,Aladje,5.3249002,6.1794,high,Agence France Presse,International,Two soldiers killed in gunfight.,2,1552577638,NGA,Battles,Armed clash
4978381,566,NIG1830,1830,19 February 2007,2007,exact date,Violence against civilians,Abduction/forced disappearance,Unidentified Armed Group (Nigeria),,political militias,Civilians (International),,civilians,political militia vs civilians,Western Africa,Nigeria,Rivers,Port-Harcourt,,Port Harcourt,4.7774,7.0134001,high,All Africa,Regional,Militants abduct 3 Croatians in the Iwofe area of Port Harcourt.,0,1552577638,NGA,Violence against civilians,Abduction/forced disappearance
4978521,566,NIG1829,1829,09 February 2007,2007,exact date,Violence against civilians,Attack,Unidentified Armed Group (Nigeria),,political militias,Civilians (International),,civilians,political militia vs civilians,Western Africa,Nigeria,Rivers,Obia/Akpor,,Ogbogoro,4.8466001,6.9288001,medium,Reuters News,International,Corpse of white man found in river,1,1552577638,NGA,Violence against civilians,Attack
4978538,566,NIG1828,1828,07 February 2007,2007,exact date,Violence against civilians,Attack,MEND: Movement for the Emancipation of the Niger Delta,,rebel groups,Civilians (International),,civilians,rebels vs civilians,Western Africa,Nigeria,Bayelsa,Sagbama,,Niger Delta,4.8333001,6,medium,Reuters News,International,Rebels attack oil rig,0,1552577638,NGA,Violence against civilians,Attack
4978537,566,NIG1827,1827,07 February 2007,2007,exact date,Battles,Armed clash,MEND: Movement for the Emancipation of the Niger Delta,,rebel groups,Military Forces of Nigeria (1999-2015),,state forces,military vs rebels,Western Africa,Nigeria,Bayelsa,Sagbama,,Niger Delta,4.8333001,6,medium,Associated Press Newswires,International,Clash between MEND and Navel Personnel; two sailors go missing.,0,1552577638,NGA,Battles,Armed clash
4978545,566,NIG1823,1823,06 February 2007,2007,exact date,Violence against civilians,Abduction/forced disappearance,Unidentified Armed Group (Nigeria),,political militias,Civilians (International),,civilians,political militia vs civilians,Western Africa,Nigeria,Bayelsa,Sagbama,,Niger Delta,4.8333001,6,medium,Dow Jones International News,International,Gunmen kidnap 2 Indians in Delta Region,0,1552577638,NGA,Violence against civilians,Abduction/forced disappearance
4978546,566,NIG1826,1826,06 February 2007,2007,within week,Violence against civilians,Attack,MEND: Movement for the Emancipation of the Niger Delta,,rebel groups,Civilians (International),,civilians,rebels vs civilians,Western Africa,Nigeria,Rivers,Port-Harcourt,,Port Harcourt,4.7774,7.0134001,high,Platts Commodity News,Other,Militants raid camp,0,1552577638,NGA,Violence against civilians,Attack
4978551,566,NIG1825,1825,06 February 2007,2007,exact date,Violence against civilians,Attack,Unidentified Armed Group (Nigeria),,political militias,Civilians (Nigeria),,civilians,political militia vs civilians,Western Africa,Nigeria,Akwa Ibom,Uyo,,Uyo,5.0332999,7.9266,medium,This Day (Nigeria),Subnational,Politician narrowly escapes death after an assassination attempt.,0,1552577638,NGA,Violence against civilians,Attack
4978553,566,NIG1824,1824,06 February 2007,2007,exact date,Violence against civilians,Abduction/forced disappearance,MEND: Movement for the Emancipation of the Niger Delta,,rebel groups,Civilians (International),,civilians,rebels vs civilians,Western Africa,Nigeria,Akwa Ibom,Uyo,,Uyo,5.0332999,7.9266,medium,All Africa,Regional,Russians abducted from car by militants,0,1552577638,NGA,Violence against civilians,Abduction/forced disappearance
4978566,566,NIG1822,1822,04 February 2007,2007,exact date,Violence against civilians,Attack,Muslim Militia (Nigeria),,identity militias,Civilians (Nigeria),,civilians,communal militia vs civilians,Western Africa,Nigeria,Kano,Kano Municipal,,Kano,11.9702,8.5044003,high,Agence France Presse,International,Islamic militants attack a private radio station.,0,1552577638,NGA,Violence against civilians,Attack
4978639,566,NIG1821,1821,28 January 2007,2007,exact date,Violence against civilians,Attack,MEND: Movement for the Emancipation of the Niger Delta,,rebel groups,Civilians (Nigeria),,civilians,rebels vs civilians,Western Africa,Nigeria,Rivers,Port-Harcourt,,Port Harcourt,4.7774,7.0134001,high,Agence France Presse,International,MEND group raids provisional capital of Port Harcourt,0,1552577638,NGA,Violence against civilians,Attack
4978637,566,NIG1819,1819,28 January 2007,2007,exact date,Battles,Armed clash,MEND: Movement for the Emancipation of the Niger Delta,,rebel groups,Police Forces of Nigeria (1999-2015),,state forces,military vs rebels,Western Africa,Nigeria,Rivers,Port-Harcourt,,Port Harcourt,4.7774,7.0134001,high,Agence France Presse,International,MEND group attacks police station to retrieve comrades,0,1552577638,NGA,Battles,Armed clash
4978655,566,NIG1818,1818,27 January 2007,2007,exact date,Violence against civilians,Attack,Unidentified Armed Group (Nigeria),,political militias,Civilians (International),,civilians,political militia vs civilians,Western Africa,Nigeria,Bayelsa,Sagbama,,Niger Delta,4.8333001,6,medium,All Africa,Regional,Militants in the Niger Delta region murder a Belgian Businessman,1,1552577638,NGA,Violence against civilians,Attack
4978665,566,NIG1817,1817,25 January 2007,2007,exact date,Violence against civilians,Abduction/forced disappearance,MEND: Movement for the Emancipation of the Niger Delta,,rebel groups,Civilians (International),,civilians,rebels vs civilians,Western Africa,Nigeria,Bayelsa,Sagbama,,Sagbama,5.1633,6.2126002,high,All Africa,Regional,Militants kidnap 3,0,1552577638,NGA,Violence against civilians,Abduction/forced disappearance
4978703,566,NIG1816,1816,21 January 2007,2007,within week,Violence against civilians,Abduction/forced disappearance,MEND: Movement for the Emancipation of the Niger Delta,,rebel groups,Civilians (International),,civilians,rebels vs civilians,Western Africa,Nigeria,Delta,Warri South West,,Chanomi Creek,5.3990998,5.4482002,medium,Xinhua News,International,MEND group takes 24 foreigners hostage,0,1552577638,NGA,Violence against civilians,Abduction/forced disappearance
4978718,566,NIG1815,1815,20 January 2007,2007,within week,Violence against civilians,Abduction/forced disappearance,Unidentified Armed Group (Nigeria),,political militias,Civilians (International),,civilians,political militia vs civilians,Western Africa,Nigeria,Bayelsa,Sagbama,,Niger Delta,4.8333001,6,medium,US Fed News,Other,Unknown Militants kidnap 7 foreign oil workers over the course of a week.,0,1552577638,NGA,Violence against civilians,Abduction/forced disappearance
4978730,566,NIG1814,1814,18 January 2007,2007,exact date,Battles,Armed clash,Unidentified Armed Group (Nigeria),,political militias,Unidentified Armed Group (Nigeria),,political militias,political militia vs political militia,Western Africa,Nigeria,Borno,Maiduguri,,Maiduguri,11.8464,13.1603,high,Xinhua,International,Three people were killed and many others injured in a violent clash between two militant groups in Ngomari Costain [in Maiduguri] in Nigerias northeastern state of Borno. No further details available on affiliation or motive of attackers.,3,1552577638,NGA,Battles,Armed clash
4978748,566,NIG1811,1811,16 January 2007,2007,exact date,Violence against civilians,Attack,Unidentified Armed Group (Nigeria),,political militias,Civilians (Nigeria),Civilians (International),civilians,political militia vs civilians,Western Africa,Nigeria,Rivers,Bonny,,Bonny,4.4521999,7.1680999,high,Agence France Presse,International,Militants kill one Dutch national and 3 Nigerian civilians,4,1552577638,NGA,Violence against civilians,Attack
4978749,566,NIG1812,1812,16 January 2007,2007,exact date,Violence against civilians,Attack,Unidentified Armed Group (Nigeria),,political militias,Civilians (International),,civilians,political militia vs civilians,Western Africa,Nigeria,Rivers,Bonny,,Bonny,4.4521999,7.1680999,high,Reuters News,International,Gunmen kill South Korean Oil worker on Bonny Island,1,1552577638,NGA,Violence against civilians,Attack
4978750,566,NIG1813,1813,16 January 2007,2007,exact date,Violence against civilians,Attack,Unidentified Armed Group (Nigeria),,political militias,Civilians (Nigeria),,civilians,political militia vs civilians,Western Africa,Nigeria,Rivers,Port-Harcourt,,Port Harcourt,4.7774,7.0134001,low,Xinhua News,International,Militants kill 12 civilians in Rivers State Administrative Division,12,1552577638,NGA,Violence against civilians,Attack
4978764,566,NIG1810,1810,15 January 2007,2007,within week,Riots,Mob violence,Rioters (Nigeria),ANPP: All Nigeria Peoples Party; PDP: Peoples Democratic Party,rioters,Civilians (Nigeria),Journalists (Nigeria),civilians,rioters vs civilians,Western Africa,Nigeria,Borno,Bama,,Banki,11.662,14.02,high,This Day,National,"About 20 persons - identified as ECOMOG members - have been arrested by the police in connection with the destruction of properties worth millions of naira at Banki town in Bama local government area. Police sources confirmed that five people, including two reporters of the Nigeria Television Authority (NTA), sustained injuries as a result of the crisis.",0,1552577638,NGA,Riots,Mob violence
4978773,566,NIG1806,1806,15 January 2007,2007,within week,Violence against civilians,Attack,Unidentified Armed Group (Nigeria),,political militias,Civilians (International),,civilians,political militia vs civilians,Western Africa,Nigeria,Benue,Gboko,,Gboko,7.3179002,8.9951,high,All Africa,Regional,Vigilante militants burn 6 Nigerian Youths to death,6,1552577638,NGA,Violence against civilians,Attack
4978775,566,NIG1809,1809,15 January 2007,2007,within month,Violence against civilians,Sexual violence,ANPP: All Nigeria Peoples Party,,political militias,Civilians (Nigeria),,civilians,political militia vs civilians,Western Africa,Nigeria,Borno,Maiduguri,,Maiduguri,11.8464,13.1603,low,This Day,National,"Report that ANPP Governor Ali Modu Sheriffs ECOMOG militia forces are ""terrorizing the people of Borno [...] This group (ECOMOG) has been burning private houses and other properties and assets of opponents (real or imagined). They have been beating up people, maiming, raping and even killing them gleefully with impunity."" PDP calls for the declaration of emergency rule in the state in light of recent violence.",0,1552577638,NGA,Violence against civilians,Sexual violence
4978774,566,NIG1808,1808,15 January 2007,2007,within week,Battles,Armed clash,ANPP: All Nigeria Peoples Party,,political militias,ANPP: All Nigeria Peoples Party,,political militias,political militia vs political militia,Western Africa,Nigeria,Borno,Maiduguri,,Maiduguri,11.8464,13.1603,low,This Day,National,"ANPP militants engaged in an intra-party clash, which allegedly broke out among some parties members and led to a score of people sustaining serious injuries.",0,1552577638,NGA,Battles,Armed clash
5183381,566,NIG1807,1807,15 January 2007,2007,within week,Battles,Armed clash,ANPP: All Nigeria Peoples Party,,political militias,PDP: Peoples Democratic Party,,political militias,political militia vs political militia,Western Africa,Nigeria,Borno,Shani,,Shani,10.2167,12.05,high,Daily Trust,National,A clash between rival supporters of the ANPP and the Peoples Democratic Party (PDP) had led to the burning of a village market in Shani local government area.,0,1558387849,NGA,Battles,Armed clash
4978785,566,NIG1805,1805,14 January 2007,2007,exact date,Violence against civilians,Attack,Unidentified Armed Group (Nigeria),,political militias,Civilians (Nigeria),,civilians,political militia vs civilians,Western Africa,Nigeria,Bayelsa,Sagbama,,Niger Delta,4.8333001,6,medium,Reuters News,International,Nigerian gunmen kill 12 Western Oil Company workers,12,1552577638,NGA,Violence against civilians,Attack
4978815,566,NIG1804,1804,10 January 2007,2007,exact date,Battles,Armed clash,PDP: Peoples Democratic Party,,political militias,Unidentified Armed Group (Nigeria),,political militias,political militia vs political militia,Western Africa,Nigeria,Ogun,Shagamu,,Shagamu,6.8432002,3.6478,high,All Africa,Regional,Violent clash between the PDP and rivals,0,1552577638,NGA,Battles,Armed clash
4978856,566,NIG1802,1802,06 January 2007,2007,exact date,Violence against civilians,Abduction/forced disappearance,MEND: Movement for the Emancipation of the Niger Delta,,rebel groups,Civilians (International),,civilians,rebels vs civilians,Western Africa,Nigeria,Rivers,Port-Harcourt,,Port Harcourt,4.7774,7.0134001,high,All Africa,Regional,Militants kidnap four Indian expatriates,0,1552577638,NGA,Violence against civilians,Abduction/forced disappearance
4978857,566,NIG1803,1803,06 January 2007,2007,within week,Violence against civilians,Abduction/forced disappearance,MEND: Movement for the Emancipation of the Niger Delta,,rebel groups,Civilians (International),,civilians,rebels vs civilians,Western Africa,Nigeria,Rivers,Port-Harcourt,,Port Harcourt,4.7774,7.0134001,high,Platts Commodity News,Other,Filipino sailors kidnapped at restaurant.,0,1552577638,NGA,Violence against civilians,Abduction/forced disappearance
4978860,566,NIG1798,1798,05 January 2007,2007,exact date,Violence against civilians,Abduction/forced disappearance,Unidentified Armed Group (Nigeria),,political militias,Civilians (Nigeria),,civilians,political militia vs civilians,Western Africa,Nigeria,Rivers,Port-Harcourt,,Port Harcourt,4.7774,7.0134001,high,Yonhap English News,International,11 oil workers kidnapped in Port Harcourt.,0,1552577638,NGA,Violence against civilians,Abduction/forced disappearance
4978864,566,NIG1801,1801,05 January 2007,2007,exact date,Violence against civilians,Abduction/forced disappearance,Unidentified Armed Group (Nigeria),,political militias,Civilians (Nigeria),,civilians,political militia vs civilians,Western Africa,Nigeria,Rivers,Port-Harcourt,,Port Harcourt,4.7774,7.0134001,high,All Africa,Regional,17 oil workers kidnapped in Port Harcourt.,0,1552577638,NGA,Violence against civilians,Abduction/forced disappearance
4978861,566,NIG1799,1799,05 January 2007,2007,exact date,Battles,Armed clash,Unidentified Armed Group (Nigeria),,political militias,Military Forces of Nigeria (1999-2015),,state forces,military vs political militia,Western Africa,Nigeria,Bayelsa,Yenegoa,,Yenagoa,4.9246998,6.2642002,low,All Africa,Regional,Militants strike at Navy Personnel,0,1552577638,NGA,Battles,Armed clash
4978865,566,NIG1800,1800,05 January 2007,2007,exact date,Violence against civilians,Abduction/forced disappearance,Unidentified Armed Group (Nigeria),,political militias,Civilians (Nigeria),,civilians,political militia vs civilians,Western Africa,Nigeria,Bayelsa,Brass,,Nun,4.2865,6.0723,medium,All Africa,Regional,Six taken hostage on the Nun River,0,1552577638,NGA,Violence against civilians,Abduction/forced disappearance
4978897,566,NIG1797,1797,01 January 2007,2007,within week,Violence against civilians,Attack,MEND: Movement for the Emancipation of the Niger Delta,,rebel groups,Civilians (Nigeria),,civilians,rebels vs civilians,Western Africa,Nigeria,Delta,Warri South,,Warri,5.5166998,5.75,high,Wall Street Journal,International,MEND increases attacks againt the Royal Dutch Shell PLC,0,1552577638,NGA,Violence against civilians,Attack
